{
  "best_metric": null,
  "best_model_checkpoint": null,
  "epoch": 873.0,
  "eval_steps": 500,
  "global_step": 1200,
  "is_hyper_param_search": false,
  "is_local_process_zero": true,
  "is_world_process_zero": true,
  "log_history": [
    {
      "epoch": 7.0,
      "grad_norm": 0.07349743694067001,
      "learning_rate": 0.0009998286624877785,
      "loss": 0.4026,
      "step": 10
    },
    {
      "epoch": 14.0,
      "grad_norm": 0.09560758620500565,
      "learning_rate": 0.0009993147673772868,
      "loss": 0.2319,
      "step": 20
    },
    {
      "epoch": 22.0,
      "grad_norm": 0.2146913707256317,
      "learning_rate": 0.000998458666866564,
      "loss": 0.1823,
      "step": 30
    },
    {
      "epoch": 29.0,
      "grad_norm": 0.21921563148498535,
      "learning_rate": 0.0009972609476841367,
      "loss": 0.0886,
      "step": 40
    },
    {
      "epoch": 36.57142857142857,
      "grad_norm": 0.08175407350063324,
      "learning_rate": 0.0009957224306869053,
      "loss": 0.0429,
      "step": 50
    },
    {
      "epoch": 43.42857142857143,
      "grad_norm": 0.05621480941772461,
      "learning_rate": 0.0009938441702975688,
      "loss": 0.0186,
      "step": 60
    },
    {
      "epoch": 51.0,
      "grad_norm": 0.0394396111369133,
      "learning_rate": 0.0009916274537819774,
      "loss": 0.0149,
      "step": 70
    },
    {
      "epoch": 58.0,
      "grad_norm": 0.04035891219973564,
      "learning_rate": 0.0009890738003669028,
      "loss": 0.012,
      "step": 80
    },
    {
      "epoch": 66.0,
      "grad_norm": 0.023961717262864113,
      "learning_rate": 0.0009861849601988384,
      "loss": 0.0128,
      "step": 90
    },
    {
      "epoch": 73.0,
      "grad_norm": 0.024971701204776764,
      "learning_rate": 0.0009829629131445341,
      "loss": 0.0107,
      "step": 100
    },
    {
      "epoch": 80.0,
      "grad_norm": 0.01833159103989601,
      "learning_rate": 0.0009794098674340967,
      "loss": 0.0104,
      "step": 110
    },
    {
      "epoch": 87.0,
      "grad_norm": 0.01825369894504547,
      "learning_rate": 0.0009755282581475768,
      "loss": 0.0103,
      "step": 120
    },
    {
      "epoch": 94.0,
      "grad_norm": 0.022990122437477112,
      "learning_rate": 0.0009713207455460893,
      "loss": 0.0102,
      "step": 130
    },
    {
      "epoch": 102.0,
      "grad_norm": 0.024985717609524727,
      "learning_rate": 0.0009667902132486009,
      "loss": 0.0115,
      "step": 140
    },
    {
      "epoch": 109.0,
      "grad_norm": 0.01961793750524521,
      "learning_rate": 0.0009619397662556434,
      "loss": 0.01,
      "step": 150
    },
    {
      "epoch": 116.57142857142857,
      "grad_norm": 0.026278933510184288,
      "learning_rate": 0.0009567727288213005,
      "loss": 0.0107,
      "step": 160
    },
    {
      "epoch": 123.42857142857143,
      "grad_norm": 0.02560897171497345,
      "learning_rate": 0.0009512926421749304,
      "loss": 0.0097,
      "step": 170
    },
    {
      "epoch": 131.0,
      "grad_norm": 0.032413773238658905,
      "learning_rate": 0.0009455032620941839,
      "loss": 0.0107,
      "step": 180
    },
    {
      "epoch": 138.0,
      "grad_norm": 0.027477890253067017,
      "learning_rate": 0.0009394085563309827,
      "loss": 0.0098,
      "step": 190
    },
    {
      "epoch": 146.0,
      "grad_norm": 0.013278129510581493,
      "learning_rate": 0.0009330127018922195,
      "loss": 0.0111,
      "step": 200
    },
    {
      "epoch": 153.0,
      "grad_norm": 0.015005701221525669,
      "learning_rate": 0.0009263200821770461,
      "loss": 0.0097,
      "step": 210
    },
    {
      "epoch": 160.0,
      "grad_norm": 0.015355225652456284,
      "learning_rate": 0.0009193352839727121,
      "loss": 0.0097,
      "step": 220
    },
    {
      "epoch": 167.0,
      "grad_norm": 0.014412821270525455,
      "learning_rate": 0.0009120630943110077,
      "loss": 0.0097,
      "step": 230
    },
    {
      "epoch": 174.0,
      "grad_norm": 0.02193315513432026,
      "learning_rate": 0.0009045084971874737,
      "loss": 0.0097,
      "step": 240
    },
    {
      "epoch": 182.0,
      "grad_norm": 0.014600928872823715,
      "learning_rate": 0.0008966766701456176,
      "loss": 0.011,
      "step": 250
    },
    {
      "epoch": 189.0,
      "grad_norm": 0.011207935400307178,
      "learning_rate": 0.0008885729807284854,
      "loss": 0.0096,
      "step": 260
    },
    {
      "epoch": 196.57142857142858,
      "grad_norm": 0.0235771294683218,
      "learning_rate": 0.0008802029828000156,
      "loss": 0.0103,
      "step": 270
    },
    {
      "epoch": 203.42857142857142,
      "grad_norm": 0.021425314247608185,
      "learning_rate": 0.0008715724127386971,
      "loss": 0.0093,
      "step": 280
    },
    {
      "epoch": 211.0,
      "grad_norm": 0.02393798902630806,
      "learning_rate": 0.0008626871855061439,
      "loss": 0.0103,
      "step": 290
    },
    {
      "epoch": 218.0,
      "grad_norm": 0.023751016706228256,
      "learning_rate": 0.0008535533905932737,
      "loss": 0.0096,
      "step": 300
    },
    {
      "epoch": 226.0,
      "grad_norm": 0.014925915747880936,
      "learning_rate": 0.000844177287846877,
      "loss": 0.0109,
      "step": 310
    },
    {
      "epoch": 233.0,
      "grad_norm": 0.013096760958433151,
      "learning_rate": 0.0008345653031794292,
      "loss": 0.0095,
      "step": 320
    },
    {
      "epoch": 240.0,
      "grad_norm": 0.009815032593905926,
      "learning_rate": 0.0008247240241650918,
      "loss": 0.0095,
      "step": 330
    },
    {
      "epoch": 247.0,
      "grad_norm": 0.01587173156440258,
      "learning_rate": 0.0008146601955249188,
      "loss": 0.0095,
      "step": 340
    },
    {
      "epoch": 254.0,
      "grad_norm": 0.021990278735756874,
      "learning_rate": 0.0008043807145043603,
      "loss": 0.0095,
      "step": 350
    },
    {
      "epoch": 262.0,
      "grad_norm": 0.00895930640399456,
      "learning_rate": 0.0007938926261462366,
      "loss": 0.0108,
      "step": 360
    },
    {
      "epoch": 269.0,
      "grad_norm": 0.009838876314461231,
      "learning_rate": 0.0007832031184624164,
      "loss": 0.0094,
      "step": 370
    },
    {
      "epoch": 276.57142857142856,
      "grad_norm": 0.021769937127828598,
      "learning_rate": 0.0007723195175075137,
      "loss": 0.0102,
      "step": 380
    },
    {
      "epoch": 283.42857142857144,
      "grad_norm": 0.02047153376042843,
      "learning_rate": 0.0007612492823579744,
      "loss": 0.0092,
      "step": 390
    },
    {
      "epoch": 291.0,
      "grad_norm": 0.025706252083182335,
      "learning_rate": 0.00075,
      "loss": 0.0102,
      "step": 400
    },
    {
      "epoch": 298.0,
      "grad_norm": 0.018725574016571045,
      "learning_rate": 0.0007385793801298042,
      "loss": 0.0094,
      "step": 410
    },
    {
      "epoch": 306.0,
      "grad_norm": 0.007732786238193512,
      "learning_rate": 0.0007269952498697733,
      "loss": 0.0107,
      "step": 420
    },
    {
      "epoch": 313.0,
      "grad_norm": 0.00947478786110878,
      "learning_rate": 0.0007152555484041476,
      "loss": 0.0094,
      "step": 430
    },
    {
      "epoch": 320.0,
      "grad_norm": 0.009694881737232208,
      "learning_rate": 0.0007033683215379002,
      "loss": 0.0094,
      "step": 440
    },
    {
      "epoch": 327.0,
      "grad_norm": 0.015550591051578522,
      "learning_rate": 0.000691341716182545,
      "loss": 0.0094,
      "step": 450
    },
    {
      "epoch": 334.0,
      "grad_norm": 0.021589070558547974,
      "learning_rate": 0.0006791839747726501,
      "loss": 0.0094,
      "step": 460
    },
    {
      "epoch": 342.0,
      "grad_norm": 0.009212566539645195,
      "learning_rate": 0.0006669034296168854,
      "loss": 0.0107,
      "step": 470
    },
    {
      "epoch": 349.0,
      "grad_norm": 0.009790539741516113,
      "learning_rate": 0.0006545084971874737,
      "loss": 0.0094,
      "step": 480
    },
    {
      "epoch": 356.57142857142856,
      "grad_norm": 0.02028668485581875,
      "learning_rate": 0.0006420076723519614,
      "loss": 0.0101,
      "step": 490
    },
    {
      "epoch": 363.42857142857144,
      "grad_norm": 0.021436557173728943,
      "learning_rate": 0.0006294095225512603,
      "loss": 0.0092,
      "step": 500
    },
    {
      "epoch": 371.0,
      "grad_norm": 0.024801334366202354,
      "learning_rate": 0.0006167226819279528,
      "loss": 0.0101,
      "step": 510
    },
    {
      "epoch": 378.0,
      "grad_norm": 0.017968516796827316,
      "learning_rate": 0.0006039558454088796,
      "loss": 0.0093,
      "step": 520
    },
    {
      "epoch": 386.0,
      "grad_norm": 0.0088272700086236,
      "learning_rate": 0.0005911177627460738,
      "loss": 0.0107,
      "step": 530
    },
    {
      "epoch": 393.0,
      "grad_norm": 0.008812205865979195,
      "learning_rate": 0.0005782172325201155,
      "loss": 0.0093,
      "step": 540
    },
    {
      "epoch": 400.0,
      "grad_norm": 0.00808713212609291,
      "learning_rate": 0.000565263096110026,
      "loss": 0.0093,
      "step": 550
    },
    {
      "epoch": 407.0,
      "grad_norm": 0.013029277324676514,
      "learning_rate": 0.0005522642316338268,
      "loss": 0.0093,
      "step": 560
    },
    {
      "epoch": 414.0,
      "grad_norm": 0.017927760258316994,
      "learning_rate": 0.0005392295478639225,
      "loss": 0.0093,
      "step": 570
    },
    {
      "epoch": 422.0,
      "grad_norm": 0.008003433234989643,
      "learning_rate": 0.000526167978121472,
      "loss": 0.0106,
      "step": 580
    },
    {
      "epoch": 429.0,
      "grad_norm": 0.008532876148819923,
      "learning_rate": 0.0005130884741539367,
      "loss": 0.0093,
      "step": 590
    },
    {
      "epoch": 436.57142857142856,
      "grad_norm": 0.019985828548669815,
      "learning_rate": 0.0005,
      "loss": 0.0101,
      "step": 600
    },
    {
      "epoch": 443.42857142857144,
      "grad_norm": 0.01898275315761566,
      "learning_rate": 0.0004869115258460635,
      "loss": 0.0091,
      "step": 610
    },
    {
      "epoch": 451.0,
      "grad_norm": 0.02007748745381832,
      "learning_rate": 0.0004738320218785281,
      "loss": 0.01,
      "step": 620
    },
    {
      "epoch": 458.0,
      "grad_norm": 0.018388474360108376,
      "learning_rate": 0.0004607704521360776,
      "loss": 0.0093,
      "step": 630
    },
    {
      "epoch": 466.0,
      "grad_norm": 0.0075699337758123875,
      "learning_rate": 0.00044773576836617336,
      "loss": 0.0106,
      "step": 640
    },
    {
      "epoch": 473.0,
      "grad_norm": 0.008745682425796986,
      "learning_rate": 0.00043473690388997434,
      "loss": 0.0093,
      "step": 650
    },
    {
      "epoch": 480.0,
      "grad_norm": 0.007728160358965397,
      "learning_rate": 0.0004217827674798845,
      "loss": 0.0093,
      "step": 660
    },
    {
      "epoch": 487.0,
      "grad_norm": 0.01619499921798706,
      "learning_rate": 0.00040888223725392626,
      "loss": 0.0093,
      "step": 670
    },
    {
      "epoch": 494.0,
      "grad_norm": 0.01939423382282257,
      "learning_rate": 0.0003960441545911204,
      "loss": 0.0093,
      "step": 680
    },
    {
      "epoch": 502.0,
      "grad_norm": 0.008420121856033802,
      "learning_rate": 0.00038327731807204744,
      "loss": 0.0106,
      "step": 690
    },
    {
      "epoch": 509.0,
      "grad_norm": 0.00717198709025979,
      "learning_rate": 0.0003705904774487396,
      "loss": 0.0093,
      "step": 700
    },
    {
      "epoch": 516.5714285714286,
      "grad_norm": 0.020757798105478287,
      "learning_rate": 0.0003579923276480387,
      "loss": 0.01,
      "step": 710
    },
    {
      "epoch": 523.4285714285714,
      "grad_norm": 0.020303569734096527,
      "learning_rate": 0.00034549150281252633,
      "loss": 0.0091,
      "step": 720
    },
    {
      "epoch": 531.0,
      "grad_norm": 0.021621135994791985,
      "learning_rate": 0.00033309657038311456,
      "loss": 0.0101,
      "step": 730
    },
    {
      "epoch": 538.0,
      "grad_norm": 0.017676057294011116,
      "learning_rate": 0.00032081602522734986,
      "loss": 0.0093,
      "step": 740
    },
    {
      "epoch": 546.0,
      "grad_norm": 0.006973151117563248,
      "learning_rate": 0.0003086582838174551,
      "loss": 0.0106,
      "step": 750
    },
    {
      "epoch": 553.0,
      "grad_norm": 0.006614478304982185,
      "learning_rate": 0.0002966316784620999,
      "loss": 0.0093,
      "step": 760
    },
    {
      "epoch": 560.0,
      "grad_norm": 0.007189340889453888,
      "learning_rate": 0.0002847444515958523,
      "loss": 0.0093,
      "step": 770
    },
    {
      "epoch": 567.0,
      "grad_norm": 0.013519645668566227,
      "learning_rate": 0.00027300475013022663,
      "loss": 0.0093,
      "step": 780
    },
    {
      "epoch": 574.0,
      "grad_norm": 0.01772225648164749,
      "learning_rate": 0.00026142061987019576,
      "loss": 0.0093,
      "step": 790
    },
    {
      "epoch": 582.0,
      "grad_norm": 0.007142188958823681,
      "learning_rate": 0.0002500000000000001,
      "loss": 0.0106,
      "step": 800
    },
    {
      "epoch": 589.0,
      "grad_norm": 0.006057669408619404,
      "learning_rate": 0.00023875071764202561,
      "loss": 0.0093,
      "step": 810
    },
    {
      "epoch": 596.5714285714286,
      "grad_norm": 0.02057073451578617,
      "learning_rate": 0.00022768048249248646,
      "loss": 0.01,
      "step": 820
    },
    {
      "epoch": 603.4285714285714,
      "grad_norm": 0.019704360514879227,
      "learning_rate": 0.0002167968815375837,
      "loss": 0.0091,
      "step": 830
    },
    {
      "epoch": 611.0,
      "grad_norm": 0.020001087337732315,
      "learning_rate": 0.00020610737385376348,
      "loss": 0.01,
      "step": 840
    },
    {
      "epoch": 618.0,
      "grad_norm": 0.014816956594586372,
      "learning_rate": 0.00019561928549563967,
      "loss": 0.0092,
      "step": 850
    },
    {
      "epoch": 626.0,
      "grad_norm": 0.005855886731296778,
      "learning_rate": 0.00018533980447508135,
      "loss": 0.0106,
      "step": 860
    },
    {
      "epoch": 633.0,
      "grad_norm": 0.006861988455057144,
      "learning_rate": 0.00017527597583490823,
      "loss": 0.0093,
      "step": 870
    },
    {
      "epoch": 640.0,
      "grad_norm": 0.006465769372880459,
      "learning_rate": 0.00016543469682057105,
      "loss": 0.0092,
      "step": 880
    },
    {
      "epoch": 647.0,
      "grad_norm": 0.012593813240528107,
      "learning_rate": 0.00015582271215312294,
      "loss": 0.0093,
      "step": 890
    },
    {
      "epoch": 654.0,
      "grad_norm": 0.017108775675296783,
      "learning_rate": 0.00014644660940672628,
      "loss": 0.0092,
      "step": 900
    },
    {
      "epoch": 662.0,
      "grad_norm": 0.006281290203332901,
      "learning_rate": 0.0001373128144938563,
      "loss": 0.0105,
      "step": 910
    },
    {
      "epoch": 669.0,
      "grad_norm": 0.005744893569499254,
      "learning_rate": 0.00012842758726130281,
      "loss": 0.0092,
      "step": 920
    },
    {
      "epoch": 676.5714285714286,
      "grad_norm": 0.019931459799408913,
      "learning_rate": 0.00011979701719998454,
      "loss": 0.01,
      "step": 930
    },
    {
      "epoch": 683.4285714285714,
      "grad_norm": 0.02192203514277935,
      "learning_rate": 0.00011142701927151455,
      "loss": 0.0091,
      "step": 940
    },
    {
      "epoch": 691.0,
      "grad_norm": 0.018197346478700638,
      "learning_rate": 0.00010332332985438247,
      "loss": 0.01,
      "step": 950
    },
    {
      "epoch": 698.0,
      "grad_norm": 0.015332733280956745,
      "learning_rate": 9.549150281252633e-05,
      "loss": 0.0093,
      "step": 960
    },
    {
      "epoch": 706.0,
      "grad_norm": 0.005790816619992256,
      "learning_rate": 8.793690568899215e-05,
      "loss": 0.0105,
      "step": 970
    },
    {
      "epoch": 713.0,
      "grad_norm": 0.005771995522081852,
      "learning_rate": 8.066471602728804e-05,
      "loss": 0.0092,
      "step": 980
    },
    {
      "epoch": 720.0,
      "grad_norm": 0.00548430485650897,
      "learning_rate": 7.367991782295391e-05,
      "loss": 0.0092,
      "step": 990
    },
    {
      "epoch": 727.0,
      "grad_norm": 0.013827295042574406,
      "learning_rate": 6.698729810778065e-05,
      "loss": 0.0092,
      "step": 1000
    },
    {
      "epoch": 734.0,
      "grad_norm": 0.016136446967720985,
      "learning_rate": 6.059144366901737e-05,
      "loss": 0.0092,
      "step": 1010
    },
    {
      "epoch": 742.0,
      "grad_norm": 0.006018473766744137,
      "learning_rate": 5.449673790581611e-05,
      "loss": 0.0105,
      "step": 1020
    },
    {
      "epoch": 749.0,
      "grad_norm": 0.005815983284264803,
      "learning_rate": 4.87073578250698e-05,
      "loss": 0.0092,
      "step": 1030
    },
    {
      "epoch": 756.5714285714286,
      "grad_norm": 0.020369039848446846,
      "learning_rate": 4.322727117869951e-05,
      "loss": 0.01,
      "step": 1040
    },
    {
      "epoch": 763.4285714285714,
      "grad_norm": 0.018824288621544838,
      "learning_rate": 3.806023374435663e-05,
      "loss": 0.0091,
      "step": 1050
    },
    {
      "epoch": 771.0,
      "grad_norm": 0.017020806670188904,
      "learning_rate": 3.3209786751399184e-05,
      "loss": 0.01,
      "step": 1060
    },
    {
      "epoch": 778.0,
      "grad_norm": 0.015109927393496037,
      "learning_rate": 2.8679254453910786e-05,
      "loss": 0.0092,
      "step": 1070
    },
    {
      "epoch": 786.0,
      "grad_norm": 0.005664943717420101,
      "learning_rate": 2.4471741852423235e-05,
      "loss": 0.0105,
      "step": 1080
    },
    {
      "epoch": 793.0,
      "grad_norm": 0.0055396538227796555,
      "learning_rate": 2.0590132565903473e-05,
      "loss": 0.0092,
      "step": 1090
    },
    {
      "epoch": 800.0,
      "grad_norm": 0.006615797523409128,
      "learning_rate": 1.70370868554659e-05,
      "loss": 0.0092,
      "step": 1100
    },
    {
      "epoch": 807.0,
      "grad_norm": 0.014640681445598602,
      "learning_rate": 1.3815039801161721e-05,
      "loss": 0.0092,
      "step": 1110
    },
    {
      "epoch": 814.0,
      "grad_norm": 0.017240263521671295,
      "learning_rate": 1.0926199633097156e-05,
      "loss": 0.0092,
      "step": 1120
    },
    {
      "epoch": 822.0,
      "grad_norm": 0.00586716178804636,
      "learning_rate": 8.372546218022748e-06,
      "loss": 0.0105,
      "step": 1130
    },
    {
      "epoch": 829.0,
      "grad_norm": 0.0060265325009822845,
      "learning_rate": 6.15582970243117e-06,
      "loss": 0.0092,
      "step": 1140
    },
    {
      "epoch": 836.5714285714286,
      "grad_norm": 0.020682813599705696,
      "learning_rate": 4.277569313094809e-06,
      "loss": 0.01,
      "step": 1150
    },
    {
      "epoch": 843.4285714285714,
      "grad_norm": 0.02016943320631981,
      "learning_rate": 2.739052315863355e-06,
      "loss": 0.0091,
      "step": 1160
    },
    {
      "epoch": 851.0,
      "grad_norm": 0.017968498170375824,
      "learning_rate": 1.541333133436018e-06,
      "loss": 0.01,
      "step": 1170
    },
    {
      "epoch": 858.0,
      "grad_norm": 0.015611746348440647,
      "learning_rate": 6.852326227130834e-07,
      "loss": 0.0092,
      "step": 1180
    },
    {
      "epoch": 866.0,
      "grad_norm": 0.006289568729698658,
      "learning_rate": 1.7133751222137007e-07,
      "loss": 0.0106,
      "step": 1190
    },
    {
      "epoch": 873.0,
      "grad_norm": 0.006064177490770817,
      "learning_rate": 0.0,
      "loss": 0.0092,
      "step": 1200
    }
  ],
  "logging_steps": 10,
  "max_steps": 1200,
  "num_input_tokens_seen": 0,
  "num_train_epochs": 1200,
  "save_steps": 500,
  "stateful_callbacks": {
    "TrainerControl": {
      "args": {
        "should_epoch_stop": false,
        "should_evaluate": false,
        "should_log": false,
        "should_save": true,
        "should_training_stop": true
      },
      "attributes": {}
    }
  },
  "total_flos": 4.591246881934541e+16,
  "train_batch_size": 8,
  "trial_name": null,
  "trial_params": null
}
